<?xml version="1.0" encoding="UTF-8"?>
<Window size="520,370" caption="0,0,0,40">
	<Font id="0" name="微软雅黑" size="12" bold="false"></Font>
	<Font id="1" name="微软雅黑" size="12" bold="true"></Font>
	<Font id="2" name="微软雅黑" size="14" bold="false"></Font>
	<Font id="3" name="微软雅黑" size="14" bold="true"></Font>
	<Include source="scrollbar.xml" />
	<Default shared="true" name="Option" value="textcolor=&quot;#ffa7dcb7&quot; selectedtextcolor=&quot;#FFFFFFFF&quot; disabledtextcolor=&quot;#ffa7dcb7&quot; textpadding=&quot;24,2,0,0&quot; align=&quot;left&quot; selectedimage=&quot;file='round_selected.png' source='0,0,14,14' dest='0,0,14,14'&quot; normalimage=&quot;file='round_unselected.png' source='0,0,14,14' dest='0,0,14,14'&quot;" />
	<VerticalLayout bkimage="file='backgroud.png'" height="370" padding="5,0,5,0">
		<HorizontalLayout>
			<Control width="380"></Control>
			<Button name="feedback" normalimage="file='feedback.png' source='0,0,60,40'" hotimage="file='feedback.png' source='0,40,60,80'" pushedimage="file='feedback.png' source='0,80,60,120'" width="60" height="40"></Button>
			<Button name="minbtn" normalimage="file='min.png' source='0,0,40,40'" hotimage="file='min.png' source='0,40,40,80'" pushedimage="file='min.png' source='0,80,40,120'" width="40" height="40"></Button>
			<Button name="closebtn" normalimage="file='close.png' source='0,0,40,40'" hotimage="file='close.png' source='0,40,40,80'" pushedimage="file='close.png' source='0,80,40,120'" width="40" height="40"></Button>
		</HorizontalLayout>
		<!--功能区-->
		<VerticalLayout height="220" padding="25,0,0,0">
			<Control height="20"></Control>
			<HorizontalLayout height="58">
				<VerticalLayout width="73" height="24">
					<Control></Control>
					<Label text="点击类型" textcolor="#FFFFFFFF" font="2"></Label>
					<Control></Control>
				</VerticalLayout>
				<VerticalLayout width="63">
					<Control height="7"></Control>
					<Option name="mouse" text="鼠标" textpadding="24,0,0,0" width="63" height="14" align="left" group="RadioBox1"></Option>
					<Control height="18"></Control>
					<Option name="keyboard" text="键盘" textpadding="24,0,0,0" width="63" height="14" align="left" group="RadioBox1"></Option>
					<Control height="5"></Control>
				</VerticalLayout>
				<VerticalLayout>
					<Combo name="combo1" width="80" height="24" normalimage="file='combo_unselected.png' corner='2,2,24,2'" pushedimage="file='combo_selected.png' corner='2,2,24,2'" textpadding="1,1,1,1" itemselectedbkcolor="#ff22995d" itemtextcolor="#ff22995d" itemselectedtextcolor="#FFFFFFFF" itembkcolor="#fff4f4f4" itemlinecolor="#FFDDDDDD" itemtextpadding="7,2,2,2">
						<ListLabelElement text="左键" selected="true" padding="0,0,0,0"></ListLabelElement>
						<ListLabelElement text="右键" padding="0,0,0,0"></ListLabelElement>
					</Combo>
					<Control height="10" />
					<HorizontalLayout height="24">
						<Edit name="edit1" text="Alt+a" width="152" height="24" bordersize="1" bordercolor="#FFA7DCB7" textcolor="#FFA7DCB7" font="0" textpadding="10,0,10,0" bkcolor="#FF4FB96F" nativebkcolor="#FF4FB96F" disabledtextcolor="#FFA7DCB7"></Edit>
						<Control width="10" />
						<Label name="label1" text="+  鼠标" textcolor="#FFA7DCB7" font="2" width="55"></Label>
						<Combo name="combo2" width="80" height="24" normalimage="file='combo_unselected.png' corner='2,2,24,2'" pushedimage="file='combo_selected.png' corner='2,2,24,2'" textpadding="1,1,1,1" itemselectedbkcolor="#ff22995d" itemtextcolor="#ff22995d" itemselectedtextcolor="#FFFFFFFF" itembkcolor="#fff4f4f4" itemlinecolor="#FFDDDDDD" itemtextpadding="7,2,2,2">
							<ListLabelElement text="左键" selected="true" padding="0,0,0,0"></ListLabelElement>
							<ListLabelElement text="右键" padding="0,0,0,0"></ListLabelElement>
						</Combo>
					</HorizontalLayout>
				</VerticalLayout>
			</HorizontalLayout>
			<Control height="20"/>
			<HorizontalLayout height="58">
				<VerticalLayout width="73" height="24">
					<Control></Control>
					<Label text="间隔时间" textcolor="#FFFFFFFF" font="2"></Label>
					<Control></Control>
				</VerticalLayout>
				<VerticalLayout width="63">
					<Control height="7"></Control>
					<Option name="fixed" text="固定" textpadding="24,0,0,0" width="63" height="14" align="left" group="RadioBox2"></Option>
					<Control height="18"></Control>
					<Option name="random" text="随机" textpadding="24,0,0,0" width="63" height="14" align="left" group="RadioBox2"></Option>
					<Control height="5"></Control>
				</VerticalLayout>
				<VerticalLayout>
					<Combo name="combo3" width="80" height="24" normalimage="file='combo_unselected.png' corner='2,2,24,2'" pushedimage="file='combo_selected.png' corner='2,2,24,2'" textpadding="1,1,1,1" itemselectedbkcolor="#ff22995d" itemtextcolor="#FF22995d" itemselectedtextcolor="#FFFFFFFF" itembkcolor="#fff4f4f4" itemlinecolor="#FFDDDDDD" vscrollbar="true" itemtextpadding="7,2,2,2">
						<ListLabelElement text="0.01s" selected="true"></ListLabelElement>
						<ListLabelElement text="0.02s"></ListLabelElement>
						<ListLabelElement text="0.03s"></ListLabelElement>
						<ListLabelElement text="0.04s"></ListLabelElement>
						<ListLabelElement text="0.05s"></ListLabelElement>
						<ListLabelElement text="0.1s"></ListLabelElement>
						<ListLabelElement text="0.2s"></ListLabelElement>
						<ListLabelElement text="0.5s"></ListLabelElement>
						<ListLabelElement text="1s"></ListLabelElement>
						<ListLabelElement text="2s"></ListLabelElement>
						<ListLabelElement text="3s"></ListLabelElement>
						<ListLabelElement text="4s"></ListLabelElement>
						<ListLabelElement text="5s"></ListLabelElement>
						<ListLabelElement text="6s"></ListLabelElement>
						<ListLabelElement text="7s"></ListLabelElement>
						<ListLabelElement text="8s"></ListLabelElement>
						<ListLabelElement text="9s"></ListLabelElement>
						<ListLabelElement text="10s"></ListLabelElement>		
					</Combo>
					<Control height="10" />
					<HorizontalLayout height="24">
						<Edit name="edit2" text="0.1" width="50" height="24" bordersize="1" bordercolor="#FFFFFFFF" textcolor="#FFA7DCB7" font="0" textpadding="10,0,10,0" bkcolor="#FF4FB96F" nativebkcolor="#FF4FB96F" disabledtextcolor="#FFA7DCB7"></Edit>
						<Control width="10" />
						<Label name="labe2" text="—" textcolor="#FFA7DCB7" font="3" width="15"></Label>
						<Control width="10" />
						<Edit name="edit3" text="1" width="50" height="24" bkcolor="#FF4FB96F" bordersize="1"  textcolor="#FFA7DCB7" font="0" textpadding="10,0,10,0"  nativebkcolor="#FF4FB96F" bordercolor="#0xFFFFFFFF" disabledtextcolor="#FFA7DCB7"></Edit>
						<Control width="10" />
						<Label name="label3" text="秒" textcolor="#FFFFFFFF" font="2"></Label>
					</HorizontalLayout>
				</VerticalLayout>
			</HorizontalLayout>
			<Control height="20"/>
			<HorizontalLayout height="24">
				<VerticalLayout width="105" height="24">
					<Control></Control>
					<Label text="开始/停止热键" textcolor="#FFFFFFFF" font="2"></Label>
					<Control></Control>
				</VerticalLayout>
				<Combo width="80" height="24" normalimage="file='combo_unselected.png' corner='2,2,24,2'" pushedimage="file='combo_selected.png' corner='2,2,24,2'" textpadding="1,1,1,1" itemtextcolor="#FF22995d" itemselectedtextcolor="#FFFFFFFF" itemselectedbkcolor="#ff22995d" itembkcolor="#fff4f4f4" itemlinecolor="#FFDDDDDD" itemtextpadding="7,2,2,2">
					<ListLabelElement text="F1" padding="0,0,0,0"></ListLabelElement>
					<ListLabelElement text="F2" padding="0,0,0,0"></ListLabelElement>
					<ListLabelElement text="F3" padding="0,0,0,0"></ListLabelElement>
					<ListLabelElement text="F4" padding="0,0,0,0"></ListLabelElement>
					<ListLabelElement text="F5" padding="0,0,0,0"></ListLabelElement>
					<ListLabelElement text="F6" selected="true" padding="0,0,0,0"></ListLabelElement>
					<ListLabelElement text="F7" padding="0,0,0,0"></ListLabelElement>
					<ListLabelElement text="F8" padding="0,0,0,0"></ListLabelElement>
					<ListLabelElement text="F9" padding="0,0,0,0"></ListLabelElement>
					<ListLabelElement text="F10" padding="0,0,0,0"></ListLabelElement>
					<ListLabelElement text="F11" padding="0,0,0,0"></ListLabelElement>
					<ListLabelElement text="F12" padding="0,0,0,0"></ListLabelElement>
				</Combo>
				<Control width="40" />
				<VerticalLayout width="120">
					<Control />
					
					<Option name="option1" text="启动后隐藏本窗口" width="120" textcolor="#FFFFFFFF" textpadding="24,0,0,0" align="left" selectedimage="file='square_unselected.png' source='0,0,14,14' dest='0,0,14,14'" normalimage="file='square_selected.png' source='0,0,14,14' dest='0,0,14,14'"></Option>
					<Control />
				</VerticalLayout>
				
			</HorizontalLayout>
		</VerticalLayout>
			
		<!--公告说明区-->
		<VerticalLayout height="70" padding="25,0,25,0" bkcolor="#FFF5E887">
			<Control height="15"></Control>
			<HorizontalLayout>
				<Control width="26"></Control>
				<Label text="使用方法" textcolor="#FFFF6A00" font="1"></Label>
				<Label text="1.把鼠标移动到需要点击的地方;" textcolor="#FFFF6A00" font="1" width="174"></Label>
				<Control width="204"></Control>
			</HorizontalLayout>
			<Control height="16"></Control>
			<HorizontalLayout>
				<Control width="92"></Control>
				<Label text="2.按F8热键（可更改）开始连续点击，再按F8则停止。" textcolor="#FFFF6A00" font="1" width="293"></Label>
			</HorizontalLayout>
			<Control height="10"></Control>
		</VerticalLayout>
		
		<HorizontalLayout height="40" padding="25,0,25,0">
			<VerticalLayout width="167">
				<Control></Control>
				<Control height="1" bkcolor="#FFA7DCB7"></Control>
				<Control></Control>
			</VerticalLayout>
			<Control width="11"></Control>
			<VerticalLayout>
				<Control></Control>
				<Button name="officialsite" text="www.shudaxia.com" textcolor="#FFA7DCB7" font="0"></Button>
				<Control></Control>
			</VerticalLayout>
			<Control width="11"></Control>
			<VerticalLayout width="167">
				<Control></Control>
				<Control height="1" bkcolor="#FFA7DCB7"></Control>
				<Control></Control>
			</VerticalLayout>
		</HorizontalLayout>
	</VerticalLayout>
</Window>